T0,2022-10-03T15:10:03,S
T0,2022-10-03T15:32:58,X
T0,2022-10-03T13:06:20,Q
T0,2022-10-03T13:58:52,H
T0,2022-10-03T14:08:39,Q
T1,2022-10-03T15:10:29,H
T1,2022-10-03T14:09:17,X
T1,2022-10-03T15:02:33,G
T1,2022-10-03T14:02:58,H
T1,2022-10-03T15:39:37,O
T1,2022-10-03T14:08:45,S
T1,2022-10-03T12:49:52,D
T2,2022-10-03T13:45:18,Q
T2,2022-10-03T13:04:29,Y
T2,2022-10-03T14:59:18,L
T2,2022-10-03T15:08:23,Q
T2,2022-10-03T15:40:22,K
T2,2022-10-03T14:52:08,Q
T2,2022-10-03T14:00:52,Y
T2,2022-10-03T14:13:55,P
T3,2022-10-03T13:18:26,T
T3,2022-10-03T14:32:25,W
T3,2022-10-03T14:48:15,J
T3,2022-10-03T13:12:11,X
T3,2022-10-03T12:58:27,N
T3,2022-10-03T14:30:25,B
T3,2022-10-03T14:15:20,J
T3,2022-10-03T15:01:35,D
T4,2022-10-03T15:16:46,T
T4,2022-10-03T15:03:15,B
T4,2022-10-03T13:00:46,L
T4,2022-10-03T15:25:09,B
T4,2022-10-03T15:29:21,R
T4,2022-10-03T15:19:50,W
T4,2022-10-03T13:13:26,M
T4,2022-10-03T15:25:11,S
T5,2022-10-03T14:20:17,B
T5,2022-10-03T15:40:43,E
T5,2022-10-03T14:54:31,C
T5,2022-10-03T13:29:54,X
T5,2022-10-03T14:11:32,F
T5,2022-10-03T14:56:50,F
T5,2022-10-03T15:04:34,Z
T6,2022-10-03T14:01:34,T
T6,2022-10-03T15:27:13,E
T6,2022-10-03T13:44:29,I
T6,2022-10-03T13:52:45,M
T6,2022-10-03T13:14:07,B
T6,2022-10-03T15:15:12,B
T6,2022-10-03T13:38:44,O
T6,2022-10-03T15:01:11,R
T6,2022-10-03T15:02:53,T
T7,2022-10-03T13:15:54,I
T7,2022-10-03T14:42:31,A
T7,2022-10-03T14:48:54,B
T7,2022-10-03T13:53:00,Z
T7,2022-10-03T13:49:00,Z
T7,2022-10-03T13:12:27,S
T7,2022-10-03T13:46:01,Z
T8,2022-10-03T15:32:11,M
T8,2022-10-03T15:17:45,Y
T8,2022-10-03T13:52:53,Y
T8,2022-10-03T14:01:39,H
T8,2022-10-03T13:56:06,P
T9,2022-10-03T15:30:08,N
T9,2022-10-03T15:23:11,S
T9,2022-10-03T14:10:31,M
T9,2022-10-03T14:52:04,N
T9,2022-10-03T13:06:47,B
T9,2022-10-03T13:41:11,X
T9,2022-10-03T13:36:18,Q
T10,2022-10-03T14:03:47,K
T10,2022-10-03T13:29:41,N
T10,2022-10-03T14:11:29,R
T10,2022-10-03T12:59:43,W
T10,2022-10-03T14:10:13,D
T11,2022-10-03T14:24:39,N
T11,2022-10-03T12:46:27,T
T11,2022-10-03T13:57:47,G
T11,2022-10-03T13:17:39,L
T11,2022-10-03T13:22:41,Y
T11,2022-10-03T14:00:06,H
T11,2022-10-03T15:36:59,U
T11,2022-10-03T14:16:21,Q
T11,2022-10-03T13:38:52,U
T12,2022-10-03T14:05:07,X
T12,2022-10-03T13:04:06,U
T12,2022-10-03T15:07:29,L
T12,2022-10-03T12:48:43,P
T12,2022-10-03T13:23:56,H
T12,2022-10-03T13:08:47,M
T12,2022-10-03T15:25:24,S
T12,2022-10-03T14:27:51,U
T12,2022-10-03T14:01:54,U
T13,2022-10-03T13:09:53,T
T13,2022-10-03T13:01:25,K
T13,2022-10-03T13:35:38,U
T13,2022-10-03T15:21:18,E
T13,2022-10-03T13:33:31,J
T13,2022-10-03T14:20:21,Z
T14,2022-10-03T15:17:20,O
T14,2022-10-03T15:00:34,J
T14,2022-10-03T12:44:56,M
T14,2022-10-03T13:21:14,S
T14,2022-10-03T13:15:39,R
T14,2022-10-03T14:53:14,G
T15,2022-10-03T15:27:25,K
T15,2022-10-03T14:32:10,O
T15,2022-10-03T12:59:44,D
T15,2022-10-03T14:11:01,M
T15,2022-10-03T15:22:17,Q
T15,2022-10-03T13:24:34,X
T15,2022-10-03T14:49:15,U
T15,2022-10-03T13:51:48,D
T16,2022-10-03T12:58:45,E
T16,2022-10-03T14:12:35,W
T16,2022-10-03T13:58:02,Z
T16,2022-10-03T14:30:17,L
T16,2022-10-03T15:22:59,G
T16,2022-10-03T14:37:35,W
T17,2022-10-03T15:31:25,S
T17,2022-10-03T14:14:26,G
T17,2022-10-03T13:39:13,W
T17,2022-10-03T14:20:42,H
T17,2022-10-03T13:10:08,P
T18,2022-10-03T15:42:09,R
T18,2022-10-03T12:58:44,H
T18,2022-10-03T14:54:08,A
T18,2022-10-03T13:23:30,R
T18,2022-10-03T13:28:04,N
T19,2022-10-03T14:15:15,R
T19,2022-10-03T15:03:54,L
T19,2022-10-03T13:49:44,S
T19,2022-10-03T13:54:42,Z
T19,2022-10-03T14:56:16,Q
T19,2022-10-03T13:21:35,J
T20,2022-10-03T15:02:25,Y
T20,2022-10-03T13:58:40,V
T20,2022-10-03T15:14:58,H
T20,2022-10-03T15:24:20,L
T20,2022-10-03T14:13:35,U
T20,2022-10-03T15:38:45,B
T20,2022-10-03T14:51:25,I
T20,2022-10-03T13:37:26,D
T21,2022-10-03T13:57:56,H
T21,2022-10-03T13:50:42,W
T21,2022-10-03T15:15:26,E
T21,2022-10-03T13:40:55,V
T21,2022-10-03T15:14:22,J
T21,2022-10-03T13:40:43,H
T21,2022-10-03T14:28:23,D
T21,2022-10-03T15:35:48,Z
T21,2022-10-03T15:37:12,D
T22,2022-10-03T14:41:26,Q
T22,2022-10-03T15:37:12,X
T22,2022-10-03T13:31:29,T
T22,2022-10-03T13:18:25,J
T22,2022-10-03T15:15:52,B
T22,2022-10-03T13:35:28,S
T23,2022-10-03T14:34:20,F
T23,2022-10-03T14:42:13,Z
T23,2022-10-03T14:29:36,Q
T23,2022-10-03T14:01:15,B
T23,2022-10-03T14:10:10,E
T23,2022-10-03T15:30:20,Y
T23,2022-10-03T12:46:56,R
T23,2022-10-03T14:04:55,Y
T23,2022-10-03T13:45:42,A
T24,2022-10-03T14:19:09,P
T24,2022-10-03T13:13:21,E
T24,2022-10-03T14:39:32,E
T24,2022-10-03T14:28:10,W
T24,2022-10-03T15:41:24,Q
T24,2022-10-03T13:12:27,O
T24,2022-10-03T14:51:59,L
T25,2022-10-03T15:13:16,F
T25,2022-10-03T13:26:29,R
T25,2022-10-03T14:27:27,F
T25,2022-10-03T13:27:03,B
T25,2022-10-03T13:00:42,I
T25,2022-10-03T13:09:17,F
T25,2022-10-03T13:47:49,I
T25,2022-10-03T13:22:42,B
T25,2022-10-03T15:10:46,Y
T26,2022-10-03T15:38:22,U
T26,2022-10-03T13:05:52,O
T26,2022-10-03T13:55:44,L
T26,2022-10-03T15:10:52,O
T26,2022-10-03T13:39:06,J
T26,2022-10-03T13:40:15,H
T26,2022-10-03T15:09:14,X
T26,2022-10-03T14:24:38,K
T26,2022-10-03T13:27:57,K
T27,2022-10-03T12:50:54,S
T27,2022-10-03T13:52:33,F
T27,2022-10-03T13:41:31,I
T27,2022-10-03T15:29:26,T
T27,2022-10-03T14:54:45,G
T28,2022-10-03T13:11:54,B
T28,2022-10-03T15:15:19,U
T28,2022-10-03T13:37:22,G
T28,2022-10-03T13:20:44,P
T28,2022-10-03T15:20:23,N
T28,2022-10-03T14:22:01,H
T28,2022-10-03T15:30:31,J
T28,2022-10-03T13:08:39,I
T29,2022-10-03T15:36:10,Q
T29,2022-10-03T15:42:38,V
T29,2022-10-03T12:57:47,K
T29,2022-10-03T14:32:22,O
T29,2022-10-03T13:51:15,D
T30,2022-10-03T15:30:24,C
T30,2022-10-03T14:16:53,S
T30,2022-10-03T15:09:57,Z
T30,2022-10-03T13:27:04,H
T30,2022-10-03T14:55:22,X
T31,2022-10-03T14:19:13,Y
T31,2022-10-03T13:12:30,N
T31,2022-10-03T15:41:01,P
T31,2022-10-03T14:41:00,M
T31,2022-10-03T15:06:57,M
T31,2022-10-03T12:57:54,R
T32,2022-10-03T14:57:23,V
T32,2022-10-03T13:34:40,X
T32,2022-10-03T13:16:21,Z
T32,2022-10-03T15:44:08,P
T32,2022-10-03T15:04:26,X
T32,2022-10-03T12:49:52,E
T32,2022-10-03T15:31:35,V
T32,2022-10-03T15:33:33,U
T33,2022-10-03T13:01:49,S
T33,2022-10-03T15:40:45,Z
T33,2022-10-03T13:42:08,F
T33,2022-10-03T13:35:34,M
T33,2022-10-03T13:48:06,I
T33,2022-10-03T12:48:18,H
T33,2022-10-03T13:10:43,K
T34,2022-10-03T13:52:55,P
T34,2022-10-03T14:23:53,M
T34,2022-10-03T13:07:13,K
T34,2022-10-03T15:14:21,G
T34,2022-10-03T13:39:36,B
T35,2022-10-03T13:57:07,T
T35,2022-10-03T12:50:20,D
T35,2022-10-03T14:10:39,O
T35,2022-10-03T12:47:06,W
T35,2022-10-03T13:11:47,M
T35,2022-10-03T13:50:36,L
T35,2022-10-03T14:43:41,F
T35,2022-10-03T14:31:44,N
T35,2022-10-03T13:46:45,L
T36,2022-10-03T14:00:15,J
T36,2022-10-03T14:38:38,G
T36,2022-10-03T14:31:12,E
T36,2022-10-03T15:38:11,P
T36,2022-10-03T14:19:37,Z
T36,2022-10-03T15:07:20,U
T36,2022-10-03T15:20:40,M
T36,2022-10-03T14:35:56,K
T36,2022-10-03T14:22:57,G
T37,2022-10-03T15:14:07,W
T37,2022-10-03T13:01:56,M
T37,2022-10-03T13:37:25,A
T37,2022-10-03T12:44:30,F
T37,2022-10-03T14:08:24,O
T37,2022-10-03T13:30:03,O
T38,2022-10-03T15:17:31,L
T38,2022-10-03T14:26:10,W
T38,2022-10-03T12:58:19,B
T38,2022-10-03T14:52:44,P
T38,2022-10-03T13:28:29,K
T38,2022-10-03T13:56:33,N
T38,2022-10-03T13:53:51,H
T39,2022-10-03T15:40:56,H
T39,2022-10-03T14:49:11,E
T39,2022-10-03T13:33:11,E
T39,2022-10-03T15:30:56,C
T39,2022-10-03T15:24:23,Q
T39,2022-10-03T14:33:43,M
T39,2022-10-03T13:33:50,H
T39,2022-10-03T15:40:40,L
T40,2022-10-03T14:11:35,W
T40,2022-10-03T15:17:48,V
T40,2022-10-03T13:45:30,B
T40,2022-10-03T12:52:51,V
T40,2022-10-03T14:47:20,I
T40,2022-10-03T13:42:10,H
T40,2022-10-03T13:05:48,O
T40,2022-10-03T15:43:19,G
T40,2022-10-03T14:02:36,U
T41,2022-10-03T14:20:06,K
T41,2022-10-03T14:29:53,Q
T41,2022-10-03T14:05:57,N
T41,2022-10-03T14:32:41,R
T41,2022-10-03T15:31:19,C
T42,2022-10-03T15:40:49,W
T42,2022-10-03T14:58:37,O
T42,2022-10-03T12:51:56,J
T42,2022-10-03T14:54:05,U
T42,2022-10-03T15:18:14,V
T42,2022-10-03T14:58:44,Q
T42,2022-10-03T15:39:37,X
T43,2022-10-03T14:51:47,C
T43,2022-10-03T15:18:45,Z
T43,2022-10-03T15:01:19,O
T43,2022-10-03T13:09:52,O
T43,2022-10-03T14:13:04,T
T43,2022-10-03T14:03:30,D
T43,2022-10-03T13:39:27,C
T43,2022-10-03T12:57:51,N
T43,2022-10-03T13:56:23,Q
T44,2022-10-03T13:18:00,J
T44,2022-10-03T13:29:11,G
T44,2022-10-03T13:03:51,J
T44,2022-10-03T14:31:31,Z
T44,2022-10-03T13:58:29,R
T44,2022-10-03T12:57:30,E
T44,2022-10-03T14:33:28,K
T44,2022-10-03T13:40:11,G
T45,2022-10-03T13:29:56,N
T45,2022-10-03T15:09:21,Z
T45,2022-10-03T13:04:06,Y
T45,2022-10-03T15:07:56,Q
T45,2022-10-03T12:47:41,E
T45,2022-10-03T13:14:28,H
T45,2022-10-03T15:29:23,J
T45,2022-10-03T15:37:32,B
T46,2022-10-03T13:16:55,T
T46,2022-10-03T13:55:10,C
T46,2022-10-03T12:47:32,V
T46,2022-10-03T12:57:25,H
T46,2022-10-03T15:01:35,O
T46,2022-10-03T14:19:08,D
T46,2022-10-03T13:51:56,W
T46,2022-10-03T14:22:48,Y
T47,2022-10-03T13:53:17,Q
T47,2022-10-03T13:51:17,L
T47,2022-10-03T13:44:31,Z
T47,2022-10-03T15:27:01,X
T47,2022-10-03T13:30:16,Z
T47,2022-10-03T15:41:04,P
T47,2022-10-03T14:58:43,R
T48,2022-10-03T13:50:21,C
T48,2022-10-03T13:10:56,X
T48,2022-10-03T12:44:20,O
T48,2022-10-03T13:01:40,S
T48,2022-10-03T13:06:38,B
T48,2022-10-03T14:10:20,O
T49,2022-10-03T13:35:47,C
T49,2022-10-03T13:51:16,J
T49,2022-10-03T15:13:45,D
T49,2022-10-03T14:14:37,N
T49,2022-10-03T15:17:06,S
T49,2022-10-03T14:30:08,N
T49,2022-10-03T14:53:26,W
T50,2022-10-03T15:11:37,R
T50,2022-10-03T15:09:34,F
T50,2022-10-03T13:07:12,A
T50,2022-10-03T15:05:54,T
T50,2022-10-03T14:20:40,K
T50,2022-10-03T12:50:30,E
T50,2022-10-03T12:45:01,Q
T51,2022-10-03T12:47:15,K
T51,2022-10-03T15:39:49,H
T51,2022-10-03T13:22:04,J
T51,2022-10-03T14:52:56,N
T51,2022-10-03T14:51:36,K
T51,2022-10-03T13:35:39,P
T52,2022-10-03T15:24:32,U
T52,2022-10-03T15:37:52,T
T52,2022-10-03T14:50:54,O
T52,2022-10-03T15:16:16,K
T52,2022-10-03T12:51:14,L
T52,2022-10-03T14:34:56,D
T52,2022-10-03T14:49:41,U
T52,2022-10-03T15:23:20,F
T52,2022-10-03T14:35:57,N
T53,2022-10-03T15:01:38,P
T53,2022-10-03T14:09:06,V
T53,2022-10-03T15:40:36,G
T53,2022-10-03T15:36:12,N
T53,2022-10-03T15:13:38,T
T53,2022-10-03T13:27:16,M
T54,2022-10-03T13:23:20,N
T54,2022-10-03T15:18:58,J
T54,2022-10-03T12:54:56,U
T54,2022-10-03T14:50:02,V
T54,2022-10-03T15:13:55,Y
T54,2022-10-03T13:43:45,E
T54,2022-10-03T14:14:11,F
T55,2022-10-03T14:42:35,D
T55,2022-10-03T13:33:27,M
T55,2022-10-03T14:43:14,C
T55,2022-10-03T14:17:53,W
T55,2022-10-03T13:15:40,M
T55,2022-10-03T15:16:18,Q
T55,2022-10-03T14:40:09,L
T55,2022-10-03T15:38:40,M
T56,2022-10-03T12:51:29,Y
T56,2022-10-03T12:53:10,N
T56,2022-10-03T13:43:19,K
T56,2022-10-03T14:21:53,P
T56,2022-10-03T12:47:20,K
T56,2022-10-03T13:02:19,K
T56,2022-10-03T14:15:04,E
T56,2022-10-03T15:00:30,Z
T56,2022-10-03T15:07:24,N
T57,2022-10-03T14:28:28,E
T57,2022-10-03T13:02:33,T
T57,2022-10-03T13:13:36,L
T57,2022-10-03T12:51:55,Z
T57,2022-10-03T13:26:17,Q
T57,2022-10-03T14:57:27,B
T57,2022-10-03T14:08:43,U
T57,2022-10-03T13:01:01,M
T57,2022-10-03T14:55:05,P
T58,2022-10-03T14:08:19,O
T58,2022-10-03T13:27:18,G
T58,2022-10-03T13:10:12,H
T58,2022-10-03T13:22:13,S
T58,2022-10-03T14:46:22,J
T58,2022-10-03T14:32:34,T
T58,2022-10-03T14:31:24,I
T58,2022-10-03T14:06:11,C
T59,2022-10-03T14:25:09,Q
T59,2022-10-03T15:10:56,I
T59,2022-10-03T14:13:41,B
T59,2022-10-03T14:50:10,I
T59,2022-10-03T14:18:52,H
T59,2022-10-03T15:39:04,U
T60,2022-10-03T12:45:14,G
T60,2022-10-03T15:30:41,Q
T60,2022-10-03T13:34:29,I
T60,2022-10-03T13:45:45,B
T60,2022-10-03T13:36:33,A
T60,2022-10-03T15:20:34,Q
T60,2022-10-03T14:37:10,N
T60,2022-10-03T15:20:24,E
T60,2022-10-03T13:32:27,U
T61,2022-10-03T14:33:53,R
T61,2022-10-03T13:49:05,E
T61,2022-10-03T12:54:30,Y
T61,2022-10-03T14:12:27,O
T61,2022-10-03T15:26:02,G
T61,2022-10-03T15:39:03,T
T61,2022-10-03T15:24:56,V
T61,2022-10-03T14:27:36,P
T61,2022-10-03T15:04:23,L
T62,2022-10-03T14:58:58,A
T62,2022-10-03T14:39:35,M
T62,2022-10-03T13:21:32,W
T62,2022-10-03T14:01:08,U
T62,2022-10-03T14:14:53,D
T62,2022-10-03T14:15:14,Z
T62,2022-10-03T14:10:46,D
T62,2022-10-03T13:48:21,F
T63,2022-10-03T14:07:28,K
T63,2022-10-03T14:38:47,P
T63,2022-10-03T15:32:52,Z
T63,2022-10-03T13:51:00,T
T63,2022-10-03T12:49:07,M
T63,2022-10-03T13:49:30,K
T63,2022-10-03T15:13:16,P
T63,2022-10-03T15:23:45,D
T64,2022-10-03T13:10:30,W
T64,2022-10-03T14:06:32,E
T64,2022-10-03T14:07:22,L
T64,2022-10-03T14:21:56,B
T64,2022-10-03T13:40:20,E
T64,2022-10-03T13:26:01,C
T64,2022-10-03T13:01:33,C
T65,2022-10-03T15:37:49,O
T65,2022-10-03T14:49:20,S
T65,2022-10-03T15:09:59,S
T65,2022-10-03T14:01:57,J
T65,2022-10-03T14:55:43,Y
T65,2022-10-03T13:14:46,I
T65,2022-10-03T13:05:31,C
T66,2022-10-03T13:46:44,M
T66,2022-10-03T15:28:42,M
T66,2022-10-03T13:54:25,U
T66,2022-10-03T13:54:19,T
T66,2022-10-03T13:15:44,O
T66,2022-10-03T15:19:09,B
T66,2022-10-03T14:09:03,L
T67,2022-10-03T14:21:53,N
T67,2022-10-03T13:59:15,G
T67,2022-10-03T13:27:01,D
T67,2022-10-03T14:06:18,O
T67,2022-10-03T14:39:36,I
T68,2022-10-03T15:33:18,C
T68,2022-10-03T13:38:31,R
T68,2022-10-03T14:31:26,J
T68,2022-10-03T14:35:29,M
T68,2022-10-03T15:24:00,G
T68,2022-10-03T14:39:46,T
T68,2022-10-03T13:50:30,V
T68,2022-10-03T13:57:58,B
T69,2022-10-03T13:11:13,M
T69,2022-10-03T15:14:14,X
T69,2022-10-03T15:37:30,R
T69,2022-10-03T15:16:20,M
T69,2022-10-03T13:55:23,C
T69,2022-10-03T15:07:00,U
T69,2022-10-03T12:59:54,B
T69,2022-10-03T14:13:38,E
T69,2022-10-03T13:45:45,E
T70,2022-10-03T14:22:58,U
T70,2022-10-03T14:14:28,Z
T70,2022-10-03T13:44:48,A
T70,2022-10-03T15:27:56,O
T70,2022-10-03T15:11:32,S
T71,2022-10-03T13:53:18,U
T71,2022-10-03T13:35:10,F
T71,2022-10-03T15:14:33,T
T71,2022-10-03T13:52:52,E
T71,2022-10-03T14:59:51,P
T71,2022-10-03T13:38:33,S
T71,2022-10-03T13:52:26,L
T71,2022-10-03T13:27:10,N
T72,2022-10-03T13:14:00,O
T72,2022-10-03T13:19:39,S
T72,2022-10-03T15:14:15,S
T72,2022-10-03T13:57:59,O
T72,2022-10-03T13:46:28,F
T72,2022-10-03T15:38:16,Y
T72,2022-10-03T13:50:28,I
T72,2022-10-03T13:57:23,X
T73,2022-10-03T15:36:25,Y
T73,2022-10-03T13:57:48,A
T73,2022-10-03T14:31:27,Y
T73,2022-10-03T15:07:58,T
T73,2022-10-03T14:02:21,Y
T74,2022-10-03T15:19:01,R
T74,2022-10-03T14:18:42,U
T74,2022-10-03T14:12:34,Y
T74,2022-10-03T14:17:47,A
T74,2022-10-03T15:09:31,M
T75,2022-10-03T14:57:25,Z
T75,2022-10-03T15:41:33,T
T75,2022-10-03T12:52:21,T
T75,2022-10-03T13:49:34,T
T75,2022-10-03T13:25:00,U
T75,2022-10-03T13:27:46,E
T75,2022-10-03T12:54:41,N
T76,2022-10-03T13:24:36,G
T76,2022-10-03T13:39:50,R
T76,2022-10-03T13:59:06,N
T76,2022-10-03T13:55:29,N
T76,2022-10-03T14:34:42,J
T76,2022-10-03T13:55:04,G
T77,2022-10-03T13:25:21,X
T77,2022-10-03T15:42:01,G
T77,2022-10-03T13:51:56,Z
T77,2022-10-03T14:17:41,W
T77,2022-10-03T13:11:59,U
T77,2022-10-03T14:01:29,L
T78,2022-10-03T13:44:50,X
T78,2022-10-03T15:15:04,X
T78,2022-10-03T12:52:14,H
T78,2022-10-03T14:50:03,Z
T78,2022-10-03T12:57:20,X
T78,2022-10-03T14:59:11,W
T78,2022-10-03T14:41:33,P
T78,2022-10-03T14:00:45,X
T79,2022-10-03T13:14:07,E
T79,2022-10-03T12:57:29,P
T79,2022-10-03T15:15:52,W
T79,2022-10-03T14:41:19,P
T79,2022-10-03T14:56:34,C
T79,2022-10-03T13:31:39,W
T79,2022-10-03T15:32:52,C
T79,2022-10-03T15:14:12,D
T80,2022-10-03T14:52:40,G
T80,2022-10-03T13:24:07,S
T80,2022-10-03T13:38:22,D
T80,2022-10-03T14:47:53,S
T80,2022-10-03T13:19:19,T
T80,2022-10-03T15:39:17,X
T80,2022-10-03T13:57:31,B
T80,2022-10-03T13:26:29,Q
T81,2022-10-03T15:31:37,O
T81,2022-10-03T13:36:50,C
T81,2022-10-03T13:46:52,S
T81,2022-10-03T14:14:10,L
T81,2022-10-03T15:18:30,S
T81,2022-10-03T13:50:18,V
T81,2022-10-03T13:53:17,R
T82,2022-10-03T15:10:40,C
T82,2022-10-03T14:10:57,W
T82,2022-10-03T12:52:17,O
T82,2022-10-03T12:56:08,P
T82,2022-10-03T15:05:00,V
T82,2022-10-03T13:24:53,U
T83,2022-10-03T13:05:13,Y
T83,2022-10-03T15:09:05,R
T83,2022-10-03T13:01:10,N
T83,2022-10-03T12:52:36,Q
T83,2022-10-03T13:04:39,D
T84,2022-10-03T12:53:57,V
T84,2022-10-03T12:49:33,N
T84,2022-10-03T12:56:17,M
T84,2022-10-03T15:09:17,T
T84,2022-10-03T15:39:48,D
T85,2022-10-03T13:59:14,F
T85,2022-10-03T13:36:47,Y
T85,2022-10-03T15:09:54,A
T85,2022-10-03T13:49:03,P
T85,2022-10-03T14:25:03,O
T86,2022-10-03T12:47:54,X
T86,2022-10-03T13:46:12,O
T86,2022-10-03T13:57:43,O
T86,2022-10-03T12:54:47,G
T86,2022-10-03T15:21:42,U
T86,2022-10-03T13:43:34,K
T86,2022-10-03T12:48:24,N
T87,2022-10-03T14:54:56,J
T87,2022-10-03T15:07:31,J
T87,2022-10-03T13:26:17,Q
T87,2022-10-03T12:44:30,Y
T87,2022-10-03T12:57:01,O
T87,2022-10-03T12:52:07,Y
T87,2022-10-03T14:14:14,W
T87,2022-10-03T12:54:22,S
T88,2022-10-03T15:16:58,W
T88,2022-10-03T13:31:26,Q
T88,2022-10-03T14:05:28,B
T88,2022-10-03T13:18:24,Y
T88,2022-10-03T15:00:55,Y
T88,2022-10-03T13:25:04,O
T89,2022-10-03T13:08:53,X
T89,2022-10-03T13:26:13,V
T89,2022-10-03T14:24:53,P
T89,2022-10-03T14:10:19,H
T89,2022-10-03T13:21:06,S
T89,2022-10-03T13:40:41,X
T90,2022-10-03T15:12:56,Z
T90,2022-10-03T13:46:08,T
T90,2022-10-03T15:14:01,M
T90,2022-10-03T14:36:51,P
T90,2022-10-03T13:40:13,R
T90,2022-10-03T14:17:55,R
T90,2022-10-03T14:52:22,O
T90,2022-10-03T14:51:56,R
T90,2022-10-03T14:52:28,P
T91,2022-10-03T12:49:48,J
T91,2022-10-03T13:19:22,T
T91,2022-10-03T15:06:07,L
T91,2022-10-03T14:25:29,G
T91,2022-10-03T13:47:04,B
T91,2022-10-03T14:44:28,T
T91,2022-10-03T13:20:22,X
T92,2022-10-03T14:42:39,Y
T92,2022-10-03T14:31:22,C
T92,2022-10-03T12:53:42,E
T92,2022-10-03T14:26:36,L
T92,2022-10-03T13:10:10,D
T92,2022-10-03T14:20:59,W
T92,2022-10-03T13:11:20,M
T92,2022-10-03T13:20:12,I
T93,2022-10-03T14:02:06,E
T93,2022-10-03T14:07:39,R
T93,2022-10-03T15:25:26,T
T93,2022-10-03T14:49:17,N
T93,2022-10-03T14:59:12,K
T93,2022-10-03T13:27:12,J
T93,2022-10-03T15:26:33,G
T93,2022-10-03T12:57:24,P
T94,2022-10-03T12:52:48,S
T94,2022-10-03T13:08:24,R
T94,2022-10-03T14:58:24,K
T94,2022-10-03T15:12:11,I
T94,2022-10-03T14:59:34,J
T94,2022-10-03T13:58:51,J
T94,2022-10-03T15:13:04,O
T94,2022-10-03T12:44:48,P
T95,2022-10-03T13:36:50,G
T95,2022-10-03T15:21:52,R
T95,2022-10-03T14:45:17,X
T95,2022-10-03T14:07:07,D
T95,2022-10-03T14:18:56,Z
T95,2022-10-03T12:44:41,X
T95,2022-10-03T14:42:27,L
T96,2022-10-03T14:07:02,N
T96,2022-10-03T15:43:46,M
T96,2022-10-03T14:07:40,G
T96,2022-10-03T14:28:17,U
T96,2022-10-03T14:10:00,N
T96,2022-10-03T14:12:28,S
T96,2022-10-03T12:44:36,P
T97,2022-10-03T13:21:29,S
T97,2022-10-03T15:26:14,H
T97,2022-10-03T15:27:50,E
T97,2022-10-03T13:01:56,X
T97,2022-10-03T14:05:45,L
T97,2022-10-03T14:52:31,U
T97,2022-10-03T14:47:20,L
T97,2022-10-03T13:36:58,H
T98,2022-10-03T13:48:24,H
T98,2022-10-03T12:44:31,G
T98,2022-10-03T15:31:55,X
T98,2022-10-03T15:18:51,E
T98,2022-10-03T15:36:37,C
T99,2022-10-03T13:08:36,F
T99,2022-10-03T15:16:31,X
T99,2022-10-03T14:32:12,Q
T99,2022-10-03T15:42:37,A
T99,2022-10-03T15:36:47,K
T99,2022-10-03T14:14:28,S
T99,2022-10-03T15:41:37,B
T99,2022-10-03T13:49:35,W
T100,2022-10-03T13:43:26,C
T100,2022-10-03T13:17:47,G
T100,2022-10-03T13:12:33,Q
T100,2022-10-03T13:11:37,S
T100,2022-10-03T13:29:02,S
T100,2022-10-03T13:49:15,U
T100,2022-10-03T15:26:49,R
T100,2022-10-03T14:03:17,M
T100,2022-10-03T13:19:42,X
T101,2022-10-03T14:15:34,P
T101,2022-10-03T14:08:29,W
T101,2022-10-03T15:30:50,K
T101,2022-10-03T15:12:54,J
T101,2022-10-03T15:37:55,B
T102,2022-10-03T14:39:54,C
T102,2022-10-03T13:57:54,C
T102,2022-10-03T14:17:25,E
T102,2022-10-03T14:47:23,S
T102,2022-10-03T15:02:36,K
T103,2022-10-03T15:38:18,R
T103,2022-10-03T15:07:19,F
T103,2022-10-03T14:18:10,V
T103,2022-10-03T15:10:43,I
T103,2022-10-03T15:25:16,I
T103,2022-10-03T14:01:07,O
T104,2022-10-03T13:57:35,U
T104,2022-10-03T15:33:44,W
T104,2022-10-03T14:30:09,C
T104,2022-10-03T14:05:38,A
T104,2022-10-03T14:16:23,E
T105,2022-10-03T15:19:47,Y
T105,2022-10-03T14:18:12,M
T105,2022-10-03T14:08:57,V
T105,2022-10-03T15:19:42,O
T105,2022-10-03T14:43:19,U
T106,2022-10-03T14:01:23,E
T106,2022-10-03T14:31:42,S
T106,2022-10-03T13:50:57,I
T106,2022-10-03T14:59:40,X
T106,2022-10-03T13:18:39,A
T106,2022-10-03T14:41:39,R
T106,2022-10-03T15:04:10,J
T106,2022-10-03T13:19:50,P
T107,2022-10-03T13:34:21,T
T107,2022-10-03T14:19:36,P
T107,2022-10-03T14:14:59,C
T107,2022-10-03T15:32:30,Y
T107,2022-10-03T14:50:05,E
T108,2022-10-03T14:30:00,N
T108,2022-10-03T14:33:05,U
T108,2022-10-03T13:59:17,R
T108,2022-10-03T15:32:47,C
T108,2022-10-03T14:29:50,F
T109,2022-10-03T15:16:56,P
T109,2022-10-03T15:13:01,Z
T109,2022-10-03T14:19:24,M
T109,2022-10-03T12:45:05,O
T109,2022-10-03T15:09:28,D
T109,2022-10-03T13:47:08,W
T109,2022-10-03T15:17:59,Q
T109,2022-10-03T14:11:12,Y
T109,2022-10-03T14:39:29,P
T110,2022-10-03T13:08:28,H
T110,2022-10-03T14:08:41,W
T110,2022-10-03T13:43:53,W
T110,2022-10-03T14:39:37,V
T110,2022-10-03T13:57:00,F
T110,2022-10-03T14:57:47,C
T110,2022-10-03T13:55:33,A
T111,2022-10-03T13:16:04,C
T111,2022-10-03T14:02:40,E
T111,2022-10-03T14:07:24,K
T111,2022-10-03T13:45:31,H
T111,2022-10-03T14:19:16,O
T111,2022-10-03T14:42:16,R
T111,2022-10-03T14:05:01,R
T112,2022-10-03T13:06:27,P
T112,2022-10-03T14:00:53,V
T112,2022-10-03T15:34:58,V
T112,2022-10-03T14:50:05,K
T112,2022-10-03T14:25:35,N
T112,2022-10-03T15:32:25,K
T112,2022-10-03T15:01:50,N
T113,2022-10-03T13:08:50,X
T113,2022-10-03T14:18:09,C
T113,2022-10-03T12:57:33,H
T113,2022-10-03T15:19:28,E
T113,2022-10-03T13:02:02,U
T113,2022-10-03T13:40:09,Y
T114,2022-10-03T15:23:49,R
T114,2022-10-03T15:36:25,M
T114,2022-10-03T13:31:37,B
T114,2022-10-03T14:34:56,S
T114,2022-10-03T15:42:23,B
T114,2022-10-03T12:52:59,I
T114,2022-10-03T12:47:37,W
T115,2022-10-03T13:12:07,R
T115,2022-10-03T15:15:50,E
T115,2022-10-03T13:01:46,I
T115,2022-10-03T13:20:23,Y
T115,2022-10-03T12:59:28,F
T116,2022-10-03T15:33:35,L
T116,2022-10-03T14:14:38,C
T116,2022-10-03T15:03:34,K
T116,2022-10-03T15:03:48,Z
T116,2022-10-03T15:22:58,A
T116,2022-10-03T14:54:31,I
T116,2022-10-03T13:55:44,Q
T117,2022-10-03T15:06:11,W
T117,2022-10-03T13:29:12,C
T117,2022-10-03T15:29:26,V
T117,2022-10-03T14:47:09,B
T117,2022-10-03T14:10:54,C
T117,2022-10-03T15:37:29,T
T118,2022-10-03T15:28:43,L
T118,2022-10-03T13:52:37,N
T118,2022-10-03T15:26:52,N
T118,2022-10-03T13:55:33,R
T118,2022-10-03T15:33:32,U
T119,2022-10-03T13:26:22,Y
T119,2022-10-03T15:08:55,Y
T119,2022-10-03T13:26:52,N
T119,2022-10-03T13:08:33,Q
T119,2022-10-03T15:10:13,H
T119,2022-10-03T12:52:08,H
T120,2022-10-03T15:16:30,N
T120,2022-10-03T13:38:03,I
T120,2022-10-03T15:19:37,W
T120,2022-10-03T13:06:57,J
T120,2022-10-03T13:51:19,H
T120,2022-10-03T15:15:21,I
T120,2022-10-03T14:08:27,S
T121,2022-10-03T14:09:16,Y
T121,2022-10-03T15:39:05,I
T121,2022-10-03T12:44:26,N
T121,2022-10-03T14:27:06,W
T121,2022-10-03T13:08:08,T
T121,2022-10-03T13:01:32,X
T121,2022-10-03T12:57:46,J
T121,2022-10-03T13:12:45,O
T121,2022-10-03T12:52:51,C
T122,2022-10-03T14:01:04,L
T122,2022-10-03T13:24:54,M
T122,2022-10-03T13:13:12,Y
T122,2022-10-03T14:00:03,H
T122,2022-10-03T14:35:03,S
T122,2022-10-03T13:01:48,E
T122,2022-10-03T14:28:37,N
T123,2022-10-03T12:50:38,V
T123,2022-10-03T15:14:41,L
T123,2022-10-03T14:01:26,K
T123,2022-10-03T14:31:59,Q
T123,2022-10-03T13:59:36,J
T123,2022-10-03T15:14:54,E
T123,2022-10-03T13:42:02,F
T123,2022-10-03T12:52:49,N
T123,2022-10-03T15:32:17,L
T124,2022-10-03T15:44:13,M
T124,2022-10-03T13:05:50,X
T124,2022-10-03T14:36:29,R
T124,2022-10-03T13:47:39,Q
T124,2022-10-03T12:59:01,C
T124,2022-10-03T14:11:39,F
T124,2022-10-03T14:08:28,L
T125,2022-10-03T13:44:54,L
T125,2022-10-03T15:07:03,I
T125,2022-10-03T15:00:08,H
T125,2022-10-03T13:37:25,Z
T125,2022-10-03T13:39:17,W
T125,2022-10-03T14:49:50,V
T126,2022-10-03T14:12:11,Q
T126,2022-10-03T13:28:49,R
T126,2022-10-03T15:33:25,H
T126,2022-10-03T13:20:31,Z
T126,2022-10-03T12:45:35,L
T126,2022-10-03T12:53:21,T
T126,2022-10-03T13:18:20,Z
T126,2022-10-03T13:21:25,N
T127,2022-10-03T13:56:37,D
T127,2022-10-03T14:22:19,H
T127,2022-10-03T14:04:58,J
T127,2022-10-03T14:48:29,V
T127,2022-10-03T13:40:21,C
T128,2022-10-03T13:08:49,A
T128,2022-10-03T15:11:07,F
T128,2022-10-03T14:46:17,H
T128,2022-10-03T14:18:48,S
T128,2022-10-03T14:10:44,L
T128,2022-10-03T15:28:12,O
T128,2022-10-03T14:54:04,X
T128,2022-10-03T14:10:58,T
T128,2022-10-03T14:51:07,O
T129,2022-10-03T13:31:26,A
T129,2022-10-03T14:02:33,E
T129,2022-10-03T13:14:48,K
T129,2022-10-03T14:02:33,G
T129,2022-10-03T13:50:11,V
T129,2022-10-03T15:37:09,K
T130,2022-10-03T12:49:47,J
T130,2022-10-03T14:27:16,P
T130,2022-10-03T12:48:56,I
T130,2022-10-03T15:30:13,N
T130,2022-10-03T13:35:38,P
T130,2022-10-03T12:52:17,P
T131,2022-10-03T14:26:49,L
T131,2022-10-03T15:12:31,I
T131,2022-10-03T13:11:49,U
T131,2022-10-03T13:07:57,B
T131,2022-10-03T13:43:00,J
T131,2022-10-03T13:24:13,S
T132,2022-10-03T14:48:10,C
T132,2022-10-03T15:39:17,M
T132,2022-10-03T15:35:49,O
T132,2022-10-03T14:34:43,S
T132,2022-10-03T13:49:21,S
T132,2022-10-03T13:30:07,D
T133,2022-10-03T14:36:45,C
T133,2022-10-03T15:22:52,F
T133,2022-10-03T13:57:44,Q
T133,2022-10-03T13:01:49,I
T133,2022-10-03T15:32:26,A
T133,2022-10-03T13:42:43,N
T133,2022-10-03T14:35:00,O
T133,2022-10-03T14:37:16,B
T133,2022-10-03T14:18:51,A
T134,2022-10-03T13:56:12,L
T134,2022-10-03T13:16:56,G
T134,2022-10-03T14:54:30,I
T134,2022-10-03T14:20:13,M
T134,2022-10-03T15:05:15,R
T134,2022-10-03T13:28:36,L
T134,2022-10-03T13:14:24,Y
T134,2022-10-03T14:19:03,F
T134,2022-10-03T13:08:08,E
T135,2022-10-03T14:48:24,P
T135,2022-10-03T13:50:29,E
T135,2022-10-03T13:35:17,Z
T135,2022-10-03T13:04:59,H
T135,2022-10-03T15:39:16,L
T135,2022-10-03T14:41:20,W
T135,2022-10-03T13:53:07,F
T136,2022-10-03T14:26:18,P
T136,2022-10-03T14:08:47,X
T136,2022-10-03T13:31:18,A
T136,2022-10-03T13:20:46,C
T136,2022-10-03T13:40:55,N
T136,2022-10-03T14:52:58,Y
T137,2022-10-03T13:46:00,U
T137,2022-10-03T14:04:57,G
T137,2022-10-03T13:25:17,K
T137,2022-10-03T12:55:37,T
T137,2022-10-03T13:29:55,T
T138,2022-10-03T14:21:59,F
T138,2022-10-03T15:21:26,I
T138,2022-10-03T13:28:40,C
T138,2022-10-03T14:53:13,R
T138,2022-10-03T13:38:57,S
T139,2022-10-03T15:12:06,W
T139,2022-10-03T15:20:44,J
T139,2022-10-03T13:29:04,P
T139,2022-10-03T14:00:37,M
T139,2022-10-03T14:04:58,H
T139,2022-10-03T14:12:47,F
T140,2022-10-03T14:21:31,Y
T140,2022-10-03T12:53:04,Q
T140,2022-10-03T13:31:09,E
T140,2022-10-03T15:01:39,S
T140,2022-10-03T15:38:44,R
T140,2022-10-03T14:45:59,B
T140,2022-10-03T15:23:45,K
T140,2022-10-03T14:06:08,A
T141,2022-10-03T13:15:08,I
T141,2022-10-03T13:46:02,W
T141,2022-10-03T14:15:40,M
T141,2022-10-03T15:24:31,G
T141,2022-10-03T13:01:40,G
T141,2022-10-03T15:09:33,K
T141,2022-10-03T14:54:34,P
T141,2022-10-03T15:26:48,H
T142,2022-10-03T13:33:44,O
T142,2022-10-03T13:25:33,B
T142,2022-10-03T15:12:35,F
T142,2022-10-03T14:56:11,A
T142,2022-10-03T14:30:05,I
T142,2022-10-03T14:37:57,Y
T142,2022-10-03T15:18:08,F
T142,2022-10-03T13:13:07,U
T142,2022-10-03T13:18:53,V
T143,2022-10-03T13:57:46,X
T143,2022-10-03T13:47:44,Z
T143,2022-10-03T15:40:53,G
T143,2022-10-03T14:15:54,D
T143,2022-10-03T15:36:12,Q
T143,2022-10-03T14:08:47,W
T143,2022-10-03T14:39:13,Z
T143,2022-10-03T13:37:57,F
T143,2022-10-03T13:28:58,R
T144,2022-10-03T15:26:05,A
T144,2022-10-03T14:14:20,T
T144,2022-10-03T15:05:27,M
T144,2022-10-03T15:05:25,G
T144,2022-10-03T12:44:50,P
T144,2022-10-03T15:13:02,N
T145,2022-10-03T14:23:37,J
T145,2022-10-03T15:14:58,U
T145,2022-10-03T15:44:31,O
T145,2022-10-03T15:39:15,N
T145,2022-10-03T14:27:47,L
T145,2022-10-03T13:19:22,H
T145,2022-10-03T13:16:47,Q
T145,2022-10-03T14:56:32,J
T146,2022-10-03T13:32:33,Z
T146,2022-10-03T14:16:09,G
T146,2022-10-03T13:03:17,Q
T146,2022-10-03T13:21:46,V
T146,2022-10-03T13:40:18,E
T146,2022-10-03T14:25:57,S
T146,2022-10-03T13:26:04,Y
T147,2022-10-03T14:30:31,J
T147,2022-10-03T14:37:44,F
T147,2022-10-03T13:18:03,F
T147,2022-10-03T13:44:29,X
T147,2022-10-03T12:50:38,Z
T147,2022-10-03T13:26:57,I
T147,2022-10-03T15:38:21,J
T147,2022-10-03T12:45:32,W
T148,2022-10-03T14:06:11,Q
T148,2022-10-03T15:18:25,J
T148,2022-10-03T14:59:06,O
T148,2022-10-03T15:23:34,P
T148,2022-10-03T15:09:26,Z
T149,2022-10-03T14:59:36,Q
T149,2022-10-03T14:42:20,T
T149,2022-10-03T14:27:21,U
T149,2022-10-03T13:43:23,N
T149,2022-10-03T13:52:28,V
T149,2022-10-03T15:27:08,K
T149,2022-10-03T14:21:39,L
T149,2022-10-03T14:48:37,N
T149,2022-10-03T14:37:03,E
T150,2022-10-03T14:31:16,F
T150,2022-10-03T14:28:00,T
T150,2022-10-03T12:47:19,J
T150,2022-10-03T15:22:00,Q
T150,2022-10-03T15:25:35,D
T151,2022-10-03T15:37:56,A
T151,2022-10-03T13:03:20,P
T151,2022-10-03T14:00:03,C
T151,2022-10-03T15:42:03,J
T151,2022-10-03T13:15:36,Z
T151,2022-10-03T14:33:03,P
T151,2022-10-03T14:06:59,A
T151,2022-10-03T14:27:24,U
T152,2022-10-03T15:31:35,B
T152,2022-10-03T13:50:37,S
T152,2022-10-03T14:06:49,O
T152,2022-10-03T15:11:26,D
T152,2022-10-03T13:32:09,S
T152,2022-10-03T13:13:10,G
T153,2022-10-03T13:44:21,M
T153,2022-10-03T13:18:11,R
T153,2022-10-03T13:42:51,R
T153,2022-10-03T15:32:19,R
T153,2022-10-03T14:43:13,A
T153,2022-10-03T15:13:39,X
T153,2022-10-03T15:41:18,G
T153,2022-10-03T15:34:51,I
T153,2022-10-03T14:19:14,V
T154,2022-10-03T13:06:32,J
T154,2022-10-03T13:58:28,G
T154,2022-10-03T14:50:14,Z
T154,2022-10-03T14:47:02,V
T154,2022-10-03T12:48:48,Z
T155,2022-10-03T15:15:11,I
T155,2022-10-03T13:08:44,W
T155,2022-10-03T14:04:37,J
T155,2022-10-03T14:16:49,S
T155,2022-10-03T14:36:10,K
T155,2022-10-03T15:20:07,S
T155,2022-10-03T13:49:28,X
T155,2022-10-03T15:25:41,J
T155,2022-10-03T15:09:06,D
T156,2022-10-03T12:59:11,V
T156,2022-10-03T14:18:53,D
T156,2022-10-03T13:53:42,I
T156,2022-10-03T13:54:46,O
T156,2022-10-03T14:59:17,M
T157,2022-10-03T13:22:56,D
T157,2022-10-03T14:08:06,T
T157,2022-10-03T15:02:07,O
T157,2022-10-03T12:48:52,O
T157,2022-10-03T15:12:39,L
T157,2022-10-03T14:23:24,X
T157,2022-10-03T15:15:57,R
T157,2022-10-03T13:42:58,Z
T158,2022-10-03T14:50:30,T
T158,2022-10-03T15:39:30,D
T158,2022-10-03T14:40:54,U
T158,2022-10-03T15:25:39,D
T158,2022-10-03T13:02:05,F
T158,2022-10-03T15:30:38,X
T158,2022-10-03T12:46:12,T
T158,2022-10-03T15:34:20,X
T159,2022-10-03T13:58:09,C
T159,2022-10-03T15:10:18,N
T159,2022-10-03T12:48:41,T
T159,2022-10-03T14:13:48,N
T159,2022-10-03T13:13:14,A
T159,2022-10-03T13:47:13,I
T159,2022-10-03T12:58:09,K
T160,2022-10-03T13:24:41,W
T160,2022-10-03T15:40:49,G
T160,2022-10-03T15:10:39,C
T160,2022-10-03T13:05:22,V
T160,2022-10-03T12:47:01,R
T161,2022-10-03T15:41:01,I
T161,2022-10-03T14:55:03,H
T161,2022-10-03T14:53:06,F
T161,2022-10-03T14:54:49,H
T161,2022-10-03T14:34:54,K
T161,2022-10-03T13:12:40,W
T162,2022-10-03T14:31:17,Y
T162,2022-10-03T13:19:46,O
T162,2022-10-03T15:07:34,K
T162,2022-10-03T14:36:03,T
T162,2022-10-03T12:57:11,V
T162,2022-10-03T13:30:58,Z
T162,2022-10-03T15:04:16,A
T163,2022-10-03T15:16:55,T
T163,2022-10-03T12:55:36,W
T163,2022-10-03T14:13:17,W
T163,2022-10-03T15:44:20,L
T163,2022-10-03T15:02:30,F
T163,2022-10-03T14:46:28,L
T164,2022-10-03T15:44:13,L
T164,2022-10-03T13:42:17,V
T164,2022-10-03T15:08:29,L
T164,2022-10-03T13:14:16,G
T164,2022-10-03T13:35:42,J
T165,2022-10-03T14:53:29,L
T165,2022-10-03T13:41:17,G
T165,2022-10-03T14:22:04,K
T165,2022-10-03T14:15:33,P
T165,2022-10-03T14:29:26,C
T165,2022-10-03T14:51:30,D
T165,2022-10-03T14:42:10,L
T165,2022-10-03T13:53:07,T
T165,2022-10-03T15:13:57,S
T166,2022-10-03T13:54:38,Y
T166,2022-10-03T14:50:01,J
T166,2022-10-03T14:21:16,T
T166,2022-10-03T14:00:09,E
T166,2022-10-03T13:30:12,J
T166,2022-10-03T14:03:00,S
T166,2022-10-03T13:24:42,Q
T167,2022-10-03T13:24:22,D
T167,2022-10-03T15:21:41,O
T167,2022-10-03T14:39:36,Z
T167,2022-10-03T13:02:04,A
T167,2022-10-03T14:16:07,C
T167,2022-10-03T14:53:09,U
T168,2022-10-03T13:32:31,O
T168,2022-10-03T15:17:02,Y
T168,2022-10-03T13:39:55,E
T168,2022-10-03T13:51:10,O
T168,2022-10-03T13:25:37,P
T168,2022-10-03T13:27:49,R
T168,2022-10-03T15:17:37,F
T168,2022-10-03T13:59:11,Y
T169,2022-10-03T12:54:34,F
T169,2022-10-03T13:00:30,H
T169,2022-10-03T14:22:00,L
T169,2022-10-03T13:40:16,E
T169,2022-10-03T15:08:44,D
T169,2022-10-03T15:14:17,J
T169,2022-10-03T14:40:57,C
T169,2022-10-03T12:54:25,M
T170,2022-10-03T14:44:32,B
T170,2022-10-03T15:26:24,F
T170,2022-10-03T13:56:04,U
T170,2022-10-03T12:59:13,D
T170,2022-10-03T12:55:39,Z
T171,2022-10-03T13:44:04,T
T171,2022-10-03T15:26:31,N
T171,2022-10-03T13:52:45,E
T171,2022-10-03T13:39:49,S
T171,2022-10-03T14:08:52,B
T171,2022-10-03T14:42:44,E
T171,2022-10-03T14:25:36,Y
T172,2022-10-03T12:50:49,P
T172,2022-10-03T14:02:13,B
T172,2022-10-03T14:31:47,J
T172,2022-10-03T13:29:22,Z
T172,2022-10-03T13:10:25,J
T172,2022-10-03T14:16:45,Q
T172,2022-10-03T13:40:46,J
T173,2022-10-03T14:23:36,B
T173,2022-10-03T15:25:37,G
T173,2022-10-03T15:21:53,W
T173,2022-10-03T15:15:56,V
T173,2022-10-03T13:52:55,Y
T174,2022-10-03T13:23:59,B
T174,2022-10-03T13:15:36,A
T174,2022-10-03T14:43:06,J
T174,2022-10-03T13:10:22,D
T174,2022-10-03T13:22:55,I
T174,2022-10-03T13:24:35,V
T175,2022-10-03T14:51:57,S
T175,2022-10-03T13:08:58,L
T175,2022-10-03T13:18:15,I
T175,2022-10-03T15:20:45,H
T175,2022-10-03T13:25:54,S
T175,2022-10-03T14:31:41,R
T175,2022-10-03T13:40:49,K
T175,2022-10-03T13:50:39,O
T175,2022-10-03T15:40:30,J
T176,2022-10-03T14:22:35,S
T176,2022-10-03T13:03:03,N
T176,2022-10-03T14:44:12,B
T176,2022-10-03T13:52:19,E
T176,2022-10-03T14:47:46,V
T176,2022-10-03T13:52:39,X
T176,2022-10-03T14:27:12,T
T177,2022-10-03T12:46:35,I
T177,2022-10-03T13:22:17,T
T177,2022-10-03T14:38:45,W
T177,2022-10-03T15:10:47,Z
T177,2022-10-03T12:51:23,E
T177,2022-10-03T12:44:51,N
T178,2022-10-03T15:12:07,T
T178,2022-10-03T15:08:47,H
T178,2022-10-03T14:26:10,Z
T178,2022-10-03T14:23:19,I
T178,2022-10-03T14:05:46,Y
T178,2022-10-03T14:04:04,S
T179,2022-10-03T14:45:02,L
T179,2022-10-03T14:43:56,D
T179,2022-10-03T13:50:01,L
T179,2022-10-03T12:49:39,R
T179,2022-10-03T13:34:01,I
T179,2022-10-03T13:56:08,A
T179,2022-10-03T14:03:37,V
T180,2022-10-03T14:19:25,U
T180,2022-10-03T14:53:08,R
T180,2022-10-03T15:03:02,T
T180,2022-10-03T15:00:23,F
T180,2022-10-03T15:10:40,B
T180,2022-10-03T13:26:27,N
T180,2022-10-03T12:47:40,B
T180,2022-10-03T13:26:04,H
T181,2022-10-03T14:55:34,R
T181,2022-10-03T14:32:24,H
T181,2022-10-03T14:29:59,E
T181,2022-10-03T12:58:10,F
T181,2022-10-03T13:41:10,F
T181,2022-10-03T14:42:14,D
T181,2022-10-03T12:51:39,I
T181,2022-10-03T15:06:23,G
T181,2022-10-03T13:43:24,P
T182,2022-10-03T13:51:55,H
T182,2022-10-03T14:59:36,A
T182,2022-10-03T14:57:55,K
T182,2022-10-03T15:16:30,A
T182,2022-10-03T14:41:47,Q
T183,2022-10-03T14:09:08,W
T183,2022-10-03T14:33:03,Q
T183,2022-10-03T13:23:28,B
T183,2022-10-03T14:58:05,S
T183,2022-10-03T15:27:01,E
T184,2022-10-03T13:17:33,Q
T184,2022-10-03T13:23:28,F
T184,2022-10-03T14:10:53,P
T184,2022-10-03T14:36:58,S
T184,2022-10-03T13:25:23,Y
T184,2022-10-03T14:41:50,L
T184,2022-10-03T15:03:43,G
T185,2022-10-03T13:36:59,C
T185,2022-10-03T12:51:20,O
T185,2022-10-03T14:00:47,G
T185,2022-10-03T15:06:47,K
T185,2022-10-03T13:35:55,A
T186,2022-10-03T14:40:04,N
T186,2022-10-03T15:35:37,H
T186,2022-10-03T15:06:13,A
T186,2022-10-03T13:28:33,H
T186,2022-10-03T13:19:55,P
T187,2022-10-03T13:26:23,R
T187,2022-10-03T12:50:03,R
T187,2022-10-03T14:25:30,F
T187,2022-10-03T15:17:15,B
T187,2022-10-03T15:34:15,C
T188,2022-10-03T15:28:29,K
T188,2022-10-03T14:26:41,U
T188,2022-10-03T13:34:34,L
T188,2022-10-03T14:02:57,D
T188,2022-10-03T15:35:53,M
T189,2022-10-03T14:02:58,X
T189,2022-10-03T15:36:53,Z
T189,2022-10-03T14:56:42,T
T189,2022-10-03T13:34:57,R
T189,2022-10-03T12:50:01,R
T189,2022-10-03T15:09:17,O
T189,2022-10-03T14:49:16,Z
T189,2022-10-03T15:15:11,Z
T190,2022-10-03T14:35:35,E
T190,2022-10-03T13:02:39,A
T190,2022-10-03T14:12:14,O
T190,2022-10-03T14:06:03,T
T190,2022-10-03T13:42:50,Y
T191,2022-10-03T13:52:03,L
T191,2022-10-03T14:14:12,J
T191,2022-10-03T13:12:35,Y
T191,2022-10-03T15:00:27,Q
T191,2022-10-03T15:31:32,R
T191,2022-10-03T14:02:41,P
T191,2022-10-03T15:43:51,Z
T192,2022-10-03T14:31:37,N
T192,2022-10-03T14:31:40,I
T192,2022-10-03T12:49:55,H
T192,2022-10-03T15:23:23,V
T192,2022-10-03T14:25:05,U
T192,2022-10-03T14:22:13,D
T192,2022-10-03T15:17:16,A
T192,2022-10-03T13:01:45,Y
T192,2022-10-03T15:28:37,D
T193,2022-10-03T15:28:51,R
T193,2022-10-03T15:02:40,O
T193,2022-10-03T12:59:44,X
T193,2022-10-03T14:36:49,Z
T193,2022-10-03T13:23:04,D
T194,2022-10-03T15:44:00,L
T194,2022-10-03T15:30:32,Y
T194,2022-10-03T14:18:49,Q
T194,2022-10-03T13:27:56,P
T194,2022-10-03T14:24:22,M
T194,2022-10-03T13:15:36,R
T194,2022-10-03T13:10:24,I
T194,2022-10-03T13:22:20,K
T195,2022-10-03T15:16:23,Z
T195,2022-10-03T14:20:31,K
T195,2022-10-03T14:07:24,J
T195,2022-10-03T14:32:04,T
T195,2022-10-03T12:45:10,R
T195,2022-10-03T15:36:39,A
T195,2022-10-03T14:40:48,V
T196,2022-10-03T13:26:09,V
T196,2022-10-03T15:13:23,G
T196,2022-10-03T15:33:44,T
T196,2022-10-03T14:36:37,L
T196,2022-10-03T13:20:08,A
T197,2022-10-03T12:58:05,D
T197,2022-10-03T14:07:42,D
T197,2022-10-03T14:50:57,G
T197,2022-10-03T14:00:29,W
T197,2022-10-03T14:52:58,T
T197,2022-10-03T14:36:26,V
T197,2022-10-03T15:40:05,Q
T197,2022-10-03T13:39:11,F
T197,2022-10-03T15:09:48,X
T198,2022-10-03T14:39:15,K
T198,2022-10-03T13:24:12,X
T198,2022-10-03T15:38:53,F
T198,2022-10-03T13:53:49,T
T198,2022-10-03T15:26:50,T
T198,2022-10-03T15:23:16,J
T198,2022-10-03T13:07:55,Q
T198,2022-10-03T14:27:01,Z
T199,2022-10-03T13:18:25,H
T199,2022-10-03T12:59:54,X
T199,2022-10-03T14:12:36,D
T199,2022-10-03T13:24:38,K
T199,2022-10-03T13:40:10,B
T199,2022-10-03T13:15:25,Q
T200,2022-10-03T13:17:15,V
T200,2022-10-03T12:50:48,V
T200,2022-10-03T15:38:16,X
T200,2022-10-03T14:20:59,R
T200,2022-10-03T12:53:58,P
T200,2022-10-03T13:06:52,N
T200,2022-10-03T15:34:24,S
T200,2022-10-03T13:35:53,J
T200,2022-10-03T12:59:34,K
T201,2022-10-03T14:07:37,H
T201,2022-10-03T15:28:24,D
T201,2022-10-03T15:08:37,Q
T201,2022-10-03T14:45:50,D
T201,2022-10-03T14:43:59,V
T202,2022-10-03T14:35:54,N
T202,2022-10-03T15:21:51,H
T202,2022-10-03T14:26:49,L
T202,2022-10-03T14:24:13,D
T202,2022-10-03T15:37:35,B
T202,2022-10-03T15:17:40,Y
T202,2022-10-03T13:16:20,J
T202,2022-10-03T13:26:25,O
T202,2022-10-03T14:40:02,K
T203,2022-10-03T14:10:25,O
T203,2022-10-03T14:09:14,R
T203,2022-10-03T14:02:09,K
T203,2022-10-03T13:14:25,R
T203,2022-10-03T13:42:21,V
T203,2022-10-03T14:20:28,Y
T203,2022-10-03T15:08:52,K
T203,2022-10-03T12:53:40,J
T203,2022-10-03T14:53:08,W
T204,2022-10-03T14:50:35,M
T204,2022-10-03T12:48:58,F
T204,2022-10-03T14:00:41,P
T204,2022-10-03T15:00:17,Y
T204,2022-10-03T13:17:45,O
T205,2022-10-03T12:45:11,I
T205,2022-10-03T13:05:37,K
T205,2022-10-03T13:20:00,F
T205,2022-10-03T14:03:08,I
T205,2022-10-03T13:17:35,Z
T205,2022-10-03T14:44:44,I
T205,2022-10-03T13:47:50,F
T205,2022-10-03T13:46:39,D
T205,2022-10-03T15:39:10,X
T206,2022-10-03T13:39:09,B
T206,2022-10-03T15:35:23,N
T206,2022-10-03T15:04:54,F
T206,2022-10-03T15:08:22,M
T206,2022-10-03T13:47:02,E
T206,2022-10-03T15:09:52,X
T206,2022-10-03T14:11:21,W
T206,2022-10-03T15:27:07,T
T207,2022-10-03T13:18:45,S
T207,2022-10-03T13:16:52,L
T207,2022-10-03T13:29:11,R
T207,2022-10-03T14:20:38,T
T207,2022-10-03T13:10:58,X
T207,2022-10-03T14:00:18,F
T207,2022-10-03T15:28:27,Y
T207,2022-10-03T12:55:13,M
T207,2022-10-03T15:29:04,U
T208,2022-10-03T15:03:19,L
T208,2022-10-03T14:11:59,F
T208,2022-10-03T13:37:58,F
T208,2022-10-03T14:26:19,U
T208,2022-10-03T14:25:36,T
T208,2022-10-03T13:31:15,I
T209,2022-10-03T14:45:29,Y
T209,2022-10-03T13:59:22,X
T209,2022-10-03T13:22:10,Z
T209,2022-10-03T15:40:58,Q
T209,2022-10-03T15:36:50,T
T209,2022-10-03T15:41:37,V
T209,2022-10-03T14:55:36,T
T209,2022-10-03T14:34:13,U
T210,2022-10-03T15:38:10,X
T210,2022-10-03T13:54:09,Q
T210,2022-10-03T12:55:23,L
T210,2022-10-03T13:02:31,X
T210,2022-10-03T14:43:24,I
T210,2022-10-03T15:44:03,H
T210,2022-10-03T15:33:05,H
T210,2022-10-03T14:37:30,K
T211,2022-10-03T14:44:41,F
T211,2022-10-03T12:57:40,D
T211,2022-10-03T14:31:40,U
T211,2022-10-03T12:54:02,V
T211,2022-10-03T14:25:34,M
T211,2022-10-03T13:13:05,Y
T212,2022-10-03T13:14:13,O
T212,2022-10-03T13:36:36,K
T212,2022-10-03T13:43:02,X
T212,2022-10-03T14:10:13,E
T212,2022-10-03T14:38:13,H
T213,2022-10-03T13:27:45,V
T213,2022-10-03T15:26:18,S
T213,2022-10-03T13:06:47,W
T213,2022-10-03T13:39:59,Z
T213,2022-10-03T12:56:56,B
T214,2022-10-03T14:13:29,C
T214,2022-10-03T14:41:06,H
T214,2022-10-03T15:19:39,O
T214,2022-10-03T15:19:41,K
T214,2022-10-03T13:43:57,E
T214,2022-10-03T13:50:48,X
T214,2022-10-03T13:40:04,D
T215,2022-10-03T14:49:34,K
T215,2022-10-03T15:21:38,M
T215,2022-10-03T15:15:57,E
T215,2022-10-03T15:13:23,S
T215,2022-10-03T14:12:20,K
T215,2022-10-03T13:41:30,H
T215,2022-10-03T14:31:05,U
T216,2022-10-03T13:12:38,J
T216,2022-10-03T15:39:41,N
T216,2022-10-03T12:45:15,E
T216,2022-10-03T13:00:31,J
T216,2022-10-03T13:19:08,K
T217,2022-10-03T14:38:49,A
T217,2022-10-03T14:13:33,M
T217,2022-10-03T14:50:31,W
T217,2022-10-03T14:39:25,G
T217,2022-10-03T15:06:53,S
T217,2022-10-03T12:52:49,Y
T217,2022-10-03T14:00:37,Y
T217,2022-10-03T14:26:57,L
T218,2022-10-03T14:24:33,G
T218,2022-10-03T13:32:28,X
T218,2022-10-03T14:23:13,K
T218,2022-10-03T15:11:30,K
T218,2022-10-03T12:49:19,A
T219,2022-10-03T12:54:18,A
T219,2022-10-03T15:42:49,G
T219,2022-10-03T14:01:13,I
T219,2022-10-03T15:20:36,K
T219,2022-10-03T14:54:46,K
T219,2022-10-03T14:26:25,V
T219,2022-10-03T13:24:58,J
T220,2022-10-03T13:31:22,L
T220,2022-10-03T15:13:39,N
T220,2022-10-03T14:09:32,X
T220,2022-10-03T13:29:23,I
T220,2022-10-03T15:32:18,J
T220,2022-10-03T14:37:09,N
T220,2022-10-03T14:24:39,O
T221,2022-10-03T14:54:47,N
T221,2022-10-03T15:26:38,M
T221,2022-10-03T14:14:47,B
T221,2022-10-03T13:21:28,J
T221,2022-10-03T14:18:18,I
T221,2022-10-03T15:37:44,T
T222,2022-10-03T15:39:09,M
T222,2022-10-03T13:26:02,X
T222,2022-10-03T13:44:39,L
T222,2022-10-03T13:52:41,D
T222,2022-10-03T12:44:46,W
T223,2022-10-03T15:02:16,A
T223,2022-10-03T13:21:53,P
T223,2022-10-03T13:53:33,M
T223,2022-10-03T14:26:11,L
T223,2022-10-03T12:59:51,C
T223,2022-10-03T14:35:47,C
T223,2022-10-03T13:16:09,M
T223,2022-10-03T14:06:24,J
T223,2022-10-03T14:00:10,C
T224,2022-10-03T13:39:34,X
T224,2022-10-03T14:13:44,R
T224,2022-10-03T15:08:16,V
T224,2022-10-03T13:46:51,P
T224,2022-10-03T13:42:38,B
T224,2022-10-03T15:10:46,X
T224,2022-10-03T15:00:40,S
T224,2022-10-03T12:58:04,K
T224,2022-10-03T14:03:24,W
T225,2022-10-03T12:47:20,W
T225,2022-10-03T15:25:25,A
T225,2022-10-03T13:40:43,J
T225,2022-10-03T13:16:40,I
T225,2022-10-03T15:41:58,L
T225,2022-10-03T12:49:48,M
T225,2022-10-03T14:11:20,I
T226,2022-10-03T14:48:07,O
T226,2022-10-03T14:44:34,A
T226,2022-10-03T14:31:10,S
T226,2022-10-03T12:57:32,N
T226,2022-10-03T13:29:54,B
T227,2022-10-03T13:46:02,V
T227,2022-10-03T13:34:50,Q
T227,2022-10-03T13:47:39,A
T227,2022-10-03T14:45:29,U
T227,2022-10-03T13:54:07,A
T227,2022-10-03T14:08:58,J
T227,2022-10-03T14:52:50,U
T228,2022-10-03T15:30:16,K
T228,2022-10-03T13:18:51,L
T228,2022-10-03T13:50:52,X
T228,2022-10-03T15:08:39,U
T228,2022-10-03T14:50:55,L
T228,2022-10-03T15:21:15,J
T228,2022-10-03T13:54:21,U
T228,2022-10-03T15:25:41,A
T228,2022-10-03T15:42:44,B
T229,2022-10-03T15:21:07,Q
T229,2022-10-03T14:27:24,M
T229,2022-10-03T14:28:09,N
T229,2022-10-03T13:56:13,M
T229,2022-10-03T14:32:07,B
T229,2022-10-03T15:40:18,C
T229,2022-10-03T13:16:27,P
T229,2022-10-03T12:49:39,D
T230,2022-10-03T15:33:45,R
T230,2022-10-03T13:31:12,X
T230,2022-10-03T14:10:52,U
T230,2022-10-03T15:18:19,O
T230,2022-10-03T15:20:46,D
T230,2022-10-03T13:56:59,E
T230,2022-10-03T15:41:14,K
T230,2022-10-03T15:08:05,C
T231,2022-10-03T14:29:34,P
T231,2022-10-03T14:59:57,E
T231,2022-10-03T14:43:20,G
T231,2022-10-03T14:58:54,I
T231,2022-10-03T14:08:26,P
T232,2022-10-03T13:19:13,S
T232,2022-10-03T15:12:28,G
T232,2022-10-03T15:02:40,L
T232,2022-10-03T13:18:51,H
T232,2022-10-03T13:17:14,K
T232,2022-10-03T12:46:03,O
T232,2022-10-03T15:44:04,O
T233,2022-10-03T14:39:21,Z
T233,2022-10-03T13:58:07,W
T233,2022-10-03T14:54:06,O
T233,2022-10-03T14:01:19,C
T233,2022-10-03T14:17:59,I
T233,2022-10-03T14:03:59,W
T234,2022-10-03T14:22:14,U
T234,2022-10-03T13:29:28,J
T234,2022-10-03T14:49:38,M
T234,2022-10-03T13:00:15,A
T234,2022-10-03T13:07:36,H
T234,2022-10-03T15:40:24,N
T234,2022-10-03T13:13:02,D
T234,2022-10-03T14:01:24,F
T234,2022-10-03T12:53:25,T
T235,2022-10-03T14:56:50,T
T235,2022-10-03T15:32:04,F
T235,2022-10-03T13:46:16,V
T235,2022-10-03T14:40:05,Y
T235,2022-10-03T13:46:19,F
T236,2022-10-03T13:41:14,D
T236,2022-10-03T14:58:04,D
T236,2022-10-03T15:17:44,O
T236,2022-10-03T14:33:00,W
T236,2022-10-03T15:43:07,U
T236,2022-10-03T13:55:52,J
T237,2022-10-03T14:51:46,L
T237,2022-10-03T15:13:25,W
T237,2022-10-03T13:37:25,J
T237,2022-10-03T14:59:59,M
T237,2022-10-03T13:32:18,W
T237,2022-10-03T15:08:36,K
T237,2022-10-03T13:07:19,O
T237,2022-10-03T15:35:48,T
T237,2022-10-03T14:55:51,E
T238,2022-10-03T14:43:02,E
T238,2022-10-03T15:12:06,N
T238,2022-10-03T13:18:15,P
T238,2022-10-03T14:50:48,B
T238,2022-10-03T15:41:48,F
T239,2022-10-03T13:04:20,R
T239,2022-10-03T13:35:53,Y
T239,2022-10-03T12:56:55,S
T239,2022-10-03T15:08:16,J
T239,2022-10-03T13:49:58,J
T239,2022-10-03T15:19:20,S
T240,2022-10-03T14:06:11,K
T240,2022-10-03T15:39:46,N
T240,2022-10-03T15:15:06,B
T240,2022-10-03T12:52:02,C
T240,2022-10-03T13:01:24,L
T240,2022-10-03T13:21:07,A
T241,2022-10-03T13:17:59,W
T241,2022-10-03T12:49:58,J
T241,2022-10-03T13:01:38,H
T241,2022-10-03T14:33:34,Y
T241,2022-10-03T14:51:09,B
T241,2022-10-03T13:17:03,C
T241,2022-10-03T14:12:09,A
T241,2022-10-03T13:11:02,N
T241,2022-10-03T13:52:10,R
T242,2022-10-03T15:33:14,D
T242,2022-10-03T13:30:30,E
T242,2022-10-03T15:33:20,D
T242,2022-10-03T15:29:28,E
T242,2022-10-03T14:27:59,M
T242,2022-10-03T13:20:21,E
T242,2022-10-03T13:30:50,C
T242,2022-10-03T13:54:09,W
T243,2022-10-03T14:31:19,V
T243,2022-10-03T14:04:07,M
T243,2022-10-03T13:49:56,Y
T243,2022-10-03T15:18:11,X
T243,2022-10-03T14:31:39,L
T243,2022-10-03T14:37:28,A
T243,2022-10-03T13:22:09,Y
T243,2022-10-03T13:44:41,J
T243,2022-10-03T13:44:59,O
T244,2022-10-03T13:10:31,V
T244,2022-10-03T15:04:24,K
T244,2022-10-03T14:40:46,Q
T244,2022-10-03T14:01:24,H
T244,2022-10-03T13:48:52,S
T245,2022-10-03T13:16:00,K
T245,2022-10-03T13:41:07,S
T245,2022-10-03T14:14:09,R
T245,2022-10-03T13:32:21,X
T245,2022-10-03T15:26:10,Q
T246,2022-10-03T15:04:37,D
T246,2022-10-03T13:29:52,W
T246,2022-10-03T13:36:01,W
T246,2022-10-03T13:21:04,W
T246,2022-10-03T14:27:07,Q
T246,2022-10-03T15:16:03,Y
T247,2022-10-03T13:08:26,O
T247,2022-10-03T13:40:17,D
T247,2022-10-03T15:24:29,U
T247,2022-10-03T13:32:04,U
T247,2022-10-03T15:17:38,W
T247,2022-10-03T13:28:04,T
T247,2022-10-03T14:50:55,J
T247,2022-10-03T15:19:57,U
T248,2022-10-03T13:14:28,V
T248,2022-10-03T15:17:32,N
T248,2022-10-03T14:09:11,V
T248,2022-10-03T14:39:57,C
T248,2022-10-03T13:46:15,Z
T248,2022-10-03T15:25:45,B
T248,2022-10-03T15:35:25,Z
T248,2022-10-03T14:01:45,Q
T249,2022-10-03T15:36:02,K
T249,2022-10-03T14:12:47,J
T249,2022-10-03T12:53:43,U
T249,2022-10-03T14:15:04,O
T249,2022-10-03T15:23:03,N
T249,2022-10-03T15:09:25,L
T249,2022-10-03T15:39:11,J
T249,2022-10-03T12:58:30,U
T249,2022-10-03T14:28:34,Z
T250,2022-10-03T14:59:43,J
T250,2022-10-03T15:43:49,T
T250,2022-10-03T14:59:37,G
T250,2022-10-03T13:38:10,A
T250,2022-10-03T14:42:27,L
T250,2022-10-03T13:42:50,O
T250,2022-10-03T13:09:52,D
T250,2022-10-03T13:49:55,M
T251,2022-10-03T14:49:18,W
T251,2022-10-03T13:13:07,G
T251,2022-10-03T12:55:11,E
T251,2022-10-03T14:27:16,W
T251,2022-10-03T13:03:09,Q
T252,2022-10-03T13:11:41,P
T252,2022-10-03T14:30:36,M
T252,2022-10-03T15:08:22,M
T252,2022-10-03T13:29:57,J
T252,2022-10-03T14:33:03,D
T252,2022-10-03T14:57:23,D
T253,2022-10-03T12:58:40,D
T253,2022-10-03T15:16:26,G
T253,2022-10-03T14:19:06,A
T253,2022-10-03T15:21:13,G
T253,2022-10-03T14:25:13,X
T253,2022-10-03T14:20:12,L
T254,2022-10-03T14:39:13,N
T254,2022-10-03T12:48:41,G
T254,2022-10-03T14:55:55,G
T254,2022-10-03T15:44:39,O
T254,2022-10-03T14:16:49,L
T254,2022-10-03T13:38:47,X
T255,2022-10-03T15:11:59,H
T255,2022-10-03T14:01:43,H
T255,2022-10-03T13:32:37,F
T255,2022-10-03T15:24:46,Z
T255,2022-10-03T14:30:30,O
T255,2022-10-03T14:05:30,C
T255,2022-10-03T15:01:47,U
T255,2022-10-03T15:04:43,V
T256,2022-10-03T14:33:57,R
T256,2022-10-03T15:28:28,M
T256,2022-10-03T14:21:13,S
T256,2022-10-03T13:40:40,E
T256,2022-10-03T13:54:52,X
T256,2022-10-03T15:34:39,J
T256,2022-10-03T14:39:53,C
T257,2022-10-03T15:16:26,I
T257,2022-10-03T15:34:59,Y
T257,2022-10-03T14:29:39,K
T257,2022-10-03T15:29:16,M
T257,2022-10-03T13:53:34,Z
T257,2022-10-03T13:13:44,A
T257,2022-10-03T15:15:02,D
T257,2022-10-03T15:43:12,V
T258,2022-10-03T13:08:13,W
T258,2022-10-03T13:41:26,G
T258,2022-10-03T12:45:37,J
T258,2022-10-03T12:44:54,W
T258,2022-10-03T13:19:21,M
T259,2022-10-03T13:58:55,P
T259,2022-10-03T15:40:52,B
T259,2022-10-03T14:02:00,B
T259,2022-10-03T15:39:03,F
T259,2022-10-03T14:59:59,K
T259,2022-10-03T14:59:41,I
T259,2022-10-03T13:49:20,U
T259,2022-10-03T15:15:20,F
T259,2022-10-03T14:14:06,G
T260,2022-10-03T14:14:39,F
T260,2022-10-03T13:45:01,Q
T260,2022-10-03T15:37:26,S
T260,2022-10-03T14:07:20,D
T260,2022-10-03T14:00:43,J
T261,2022-10-03T15:21:22,C
T261,2022-10-03T15:03:19,K
T261,2022-10-03T12:54:49,I
T261,2022-10-03T12:56:41,O
T261,2022-10-03T13:43:19,V
T261,2022-10-03T13:02:24,D
T261,2022-10-03T14:46:25,R
T261,2022-10-03T15:40:14,Q
T262,2022-10-03T14:37:18,O
T262,2022-10-03T13:10:57,D
T262,2022-10-03T13:58:33,D
T262,2022-10-03T13:40:34,S
T262,2022-10-03T14:09:31,I
T262,2022-10-03T15:07:54,U
T262,2022-10-03T14:59:50,T
T262,2022-10-03T12:46:12,F
T262,2022-10-03T14:26:03,T
T263,2022-10-03T15:24:39,A
T263,2022-10-03T14:23:53,S
T263,2022-10-03T14:23:43,X
T263,2022-10-03T14:15:12,D
T263,2022-10-03T14:48:10,M
T264,2022-10-03T13:02:45,O
T264,2022-10-03T15:43:42,O
T264,2022-10-03T13:57:34,S
T264,2022-10-03T15:04:35,F
T264,2022-10-03T15:32:28,V
T264,2022-10-03T12:59:03,I
T264,2022-10-03T13:04:59,I
T265,2022-10-03T13:53:56,M
T265,2022-10-03T14:54:19,P
T265,2022-10-03T13:59:49,V
T265,2022-10-03T14:47:57,J
T265,2022-10-03T14:59:06,K
T265,2022-10-03T14:05:38,O
T265,2022-10-03T14:19:52,D
T265,2022-10-03T14:57:54,H
T265,2022-10-03T15:20:23,C
T266,2022-10-03T14:24:13,Y
T266,2022-10-03T14:24:31,J
T266,2022-10-03T14:19:18,J
T266,2022-10-03T12:59:37,H
T266,2022-10-03T14:47:46,L
T267,2022-10-03T15:03:28,B
T267,2022-10-03T14:21:48,J
T267,2022-10-03T13:21:27,R
T267,2022-10-03T14:44:03,R
T267,2022-10-03T14:57:55,C
T267,2022-10-03T14:16:53,X
T267,2022-10-03T14:30:32,Q
T268,2022-10-03T15:12:27,L
T268,2022-10-03T13:10:55,D
T268,2022-10-03T14:45:43,E
T268,2022-10-03T14:55:22,A
T268,2022-10-03T14:04:32,A
T268,2022-10-03T15:20:32,M
T268,2022-10-03T14:50:10,J
T269,2022-10-03T15:12:59,O
T269,2022-10-03T13:44:12,Z
T269,2022-10-03T14:12:37,C
T269,2022-10-03T15:24:19,T
T269,2022-10-03T15:26:24,E
T269,2022-10-03T13:44:30,M
T270,2022-10-03T15:04:56,D
T270,2022-10-03T13:54:45,C
T270,2022-10-03T14:03:30,L
T270,2022-10-03T13:57:12,R
T270,2022-10-03T13:12:39,N
T271,2022-10-03T13:10:48,Y
T271,2022-10-03T14:36:22,C
T271,2022-10-03T14:30:30,A
T271,2022-10-03T14:20:35,Q
T271,2022-10-03T13:33:03,L
T272,2022-10-03T15:24:24,J
T272,2022-10-03T13:49:38,Y
T272,2022-10-03T15:01:03,C
T272,2022-10-03T13:06:27,V
T272,2022-10-03T14:44:50,T
T272,2022-10-03T15:34:47,V
T273,2022-10-03T13:54:57,S
T273,2022-10-03T14:41:37,G
T273,2022-10-03T14:01:15,A
T273,2022-10-03T12:55:15,E
T273,2022-10-03T14:02:25,A
T273,2022-10-03T15:31:53,A
T274,2022-10-03T14:00:03,Y
T274,2022-10-03T15:29:42,D
T274,2022-10-03T13:04:24,L
T274,2022-10-03T15:19:36,F
T274,2022-10-03T15:04:02,I
T274,2022-10-03T15:04:12,X
T275,2022-10-03T13:52:30,G
T275,2022-10-03T13:48:40,V
T275,2022-10-03T15:01:32,J
T275,2022-10-03T15:38:41,Y
T275,2022-10-03T15:35:51,Y
T275,2022-10-03T13:07:27,U
T275,2022-10-03T14:06:23,A
T275,2022-10-03T13:40:02,Y
T275,2022-10-03T14:17:37,I
T276,2022-10-03T13:52:35,D
T276,2022-10-03T15:12:40,O
T276,2022-10-03T13:07:57,A
T276,2022-10-03T14:45:58,G
T276,2022-10-03T14:49:38,W
T276,2022-10-03T14:18:57,L
T276,2022-10-03T14:05:47,Q
T276,2022-10-03T13:59:58,U
T276,2022-10-03T14:01:17,T
T277,2022-10-03T15:24:57,Z
T277,2022-10-03T15:15:51,Q
T277,2022-10-03T12:55:29,M
T277,2022-10-03T15:31:48,O
T277,2022-10-03T14:45:01,G
T277,2022-10-03T15:30:59,C
T278,2022-10-03T13:18:35,U
T278,2022-10-03T13:06:55,J
T278,2022-10-03T14:35:21,Q
T278,2022-10-03T13:25:26,K
T278,2022-10-03T14:02:19,P
T279,2022-10-03T13:52:04,P
T279,2022-10-03T15:08:17,V
T279,2022-10-03T13:42:02,F
T279,2022-10-03T15:10:01,K
T279,2022-10-03T15:00:48,N
T279,2022-10-03T14:47:07,U
T280,2022-10-03T14:22:53,G
T280,2022-10-03T15:21:25,C
T280,2022-10-03T13:19:12,Q
T280,2022-10-03T15:07:49,L
T280,2022-10-03T13:41:58,B
T280,2022-10-03T14:37:48,D
T280,2022-10-03T15:29:32,L
T280,2022-10-03T13:51:09,M
T280,2022-10-03T13:45:48,Z
T281,2022-10-03T13:26:09,T
T281,2022-10-03T15:06:12,X
T281,2022-10-03T13:13:22,P
T281,2022-10-03T13:52:24,O
T281,2022-10-03T12:52:31,J
T282,2022-10-03T13:22:04,U
T282,2022-10-03T13:02:19,U
T282,2022-10-03T13:11:12,A
T282,2022-10-03T15:15:38,I
T282,2022-10-03T14:28:11,S
T282,2022-10-03T15:35:02,Z
T282,2022-10-03T14:24:30,V
T282,2022-10-03T15:20:43,J
T283,2022-10-03T14:45:02,E
T283,2022-10-03T14:50:44,S
T283,2022-10-03T13:23:20,F
T283,2022-10-03T13:51:59,B
T283,2022-10-03T14:59:50,D
T284,2022-10-03T14:02:27,I
T284,2022-10-03T15:05:25,E
T284,2022-10-03T15:16:21,G
T284,2022-10-03T15:39:46,U
T284,2022-10-03T14:06:36,D
T284,2022-10-03T14:08:54,I
T285,2022-10-03T13:13:42,G
T285,2022-10-03T14:44:01,M
T285,2022-10-03T15:42:19,N
T285,2022-10-03T13:39:25,B
T285,2022-10-03T13:19:11,Z
T286,2022-10-03T12:49:53,L
T286,2022-10-03T15:18:33,V
T286,2022-10-03T15:03:54,J
T286,2022-10-03T14:55:42,Y
T286,2022-10-03T14:54:16,R
T286,2022-10-03T15:20:17,K
T286,2022-10-03T14:00:16,B
T286,2022-10-03T14:18:25,M
T287,2022-10-03T13:49:43,N
T287,2022-10-03T14:47:54,V
T287,2022-10-03T15:35:15,U
T287,2022-10-03T13:56:55,M
T287,2022-10-03T14:41:30,S
T287,2022-10-03T14:38:46,E
T288,2022-10-03T14:12:43,G
T288,2022-10-03T15:15:57,S
T288,2022-10-03T14:13:56,C
T288,2022-10-03T13:53:58,Z
T288,2022-10-03T13:43:38,I
T288,2022-10-03T12:58:56,H
T288,2022-10-03T13:06:46,D
T288,2022-10-03T15:14:25,N
T289,2022-10-03T14:53:00,T
T289,2022-10-03T15:36:21,Y
T289,2022-10-03T14:08:38,F
T289,2022-10-03T14:25:20,M
T289,2022-10-03T15:21:33,S
T289,2022-10-03T13:16:47,X
T289,2022-10-03T15:25:03,C
T290,2022-10-03T14:19:24,E
T290,2022-10-03T15:44:22,H
T290,2022-10-03T14:30:17,J
T290,2022-10-03T12:54:11,I
T290,2022-10-03T15:39:58,R
T290,2022-10-03T13:26:07,O
T290,2022-10-03T13:44:37,V
T291,2022-10-03T13:19:27,K
T291,2022-10-03T14:00:20,T
T291,2022-10-03T13:23:37,Q
T291,2022-10-03T14:32:11,M
T291,2022-10-03T15:42:11,R
T292,2022-10-03T14:07:38,J
T292,2022-10-03T13:20:21,I
T292,2022-10-03T12:56:42,A
T292,2022-10-03T14:39:40,H
T292,2022-10-03T13:53:55,B
T292,2022-10-03T12:54:41,K
T292,2022-10-03T14:49:02,A
T292,2022-10-03T15:32:26,R
T292,2022-10-03T15:42:26,P
T293,2022-10-03T15:32:53,Y
T293,2022-10-03T14:28:06,K
T293,2022-10-03T15:08:10,K
T293,2022-10-03T15:38:39,U
T293,2022-10-03T12:53:11,Q
T294,2022-10-03T13:20:59,Z
T294,2022-10-03T13:21:51,F
T294,2022-10-03T13:17:01,Z
T294,2022-10-03T12:50:36,I
T294,2022-10-03T14:31:56,D
T294,2022-10-03T14:19:12,X
T294,2022-10-03T15:31:24,U
T295,2022-10-03T12:58:53,E
T295,2022-10-03T15:39:39,D
T295,2022-10-03T15:10:19,P
T295,2022-10-03T14:44:25,X
T295,2022-10-03T14:54:00,P
T295,2022-10-03T13:23:50,X
T295,2022-10-03T15:02:14,G
T295,2022-10-03T14:50:46,V
T295,2022-10-03T14:39:46,N
T296,2022-10-03T13:38:29,Z
T296,2022-10-03T15:22:26,C
T296,2022-10-03T14:37:50,P
T296,2022-10-03T15:32:22,P
T296,2022-10-03T13:16:04,B
T296,2022-10-03T13:08:10,E
T296,2022-10-03T13:31:27,W
T296,2022-10-03T14:02:42,S
T297,2022-10-03T15:22:07,Q
T297,2022-10-03T14:39:33,G
T297,2022-10-03T14:42:08,G
T297,2022-10-03T15:41:40,T
T297,2022-10-03T13:34:29,N
T297,2022-10-03T13:21:34,Q
T298,2022-10-03T13:44:25,T
T298,2022-10-03T15:01:38,O
T298,2022-10-03T13:37:38,W
T298,2022-10-03T14:30:13,X
T298,2022-10-03T14:43:03,S
T298,2022-10-03T15:00:26,Z
T298,2022-10-03T13:53:17,F
T298,2022-10-03T13:50:10,M
T298,2022-10-03T15:26:09,P
T299,2022-10-03T15:38:24,S
T299,2022-10-03T15:19:49,Z
T299,2022-10-03T13:57:48,G
T299,2022-10-03T15:28:28,H
T299,2022-10-03T15:43:54,H
T299,2022-10-03T15:06:03,X
